timestamp,open,high,low,close,spread
2026-08-27T06:00:00Z,4500.00,4500.35,4499.55,4500.00,0.25
2026-08-27T06:01:00Z,4500.00,4500.61,4499.55,4500.26,0.25
2026-08-27T06:02:00Z,4500.26,4500.87,4499.81,4500.51,0.25
2026-08-27T06:03:00Z,4500.51,4501.12,4500.07,4500.75,0.25
2026-08-27T06:04:00Z,4500.75,4501.36,4500.32,4500.98,0.25
2026-08-27T06:05:00Z,4500.98,4501.58,4500.56,4501.18,0.25
2026-08-27T06:06:00Z,4501.18,4501.77,4500.77,4501.36,0.25
2026-08-27T06:07:00Z,4501.36,4501.93,4500.96,4501.51,0.25
2026-08-27T06:08:00Z,4501.51,4502.06,4501.12,4501.63,0.25
2026-08-27T06:09:00Z,4501.63,4502.15,4501.25,4501.72,0.25
2026-08-27T06:10:00Z,4501.72,4502.21,4501.34,4501.76,0.25
2026-08-27T06:11:00Z,4501.76,4502.22,4501.39,4501.77,0.25
2026-08-27T06:12:00Z,4501.77,4502.21,4501.40,4501.75,0.25
2026-08-27T06:13:00Z,4501.75,4502.18,4501.38,4501.71,0.25
2026-08-27T06:14:00Z,4501.71,4502.14,4501.34,4501.66,0.25
2026-08-27T06:15:00Z,4501.66,4502.10,4501.29,4501.61,0.25
2026-08-27T06:16:00Z,4501.61,4502.06,4501.24,4501.57,0.25
2026-08-27T06:17:00Z,4501.57,4502.04,4501.19,4501.55,0.25
2026-08-27T06:18:00Z,4501.55,4502.04,4501.17,4501.55,0.25
2026-08-27T06:19:00Z,4501.55,4502.07,4501.17,4501.59,0.25
2026-08-27T06:20:00Z,4501.59,4502.14,4501.21,4501.68,0.25
2026-08-27T06:21:00Z,4501.68,4502.27,4501.30,4501.81,0.25
2026-08-27T06:22:00Z,4501.81,4502.44,4501.43,4502.00,0.25
2026-08-27T06:23:00Z,4502.00,4502.67,4501.62,4502.24,0.25
2026-08-27T06:24:00Z,4502.24,4502.94,4501.85,4502.53,0.25
2026-08-27T06:25:00Z,4502.53,4503.25,4502.14,4502.85,0.25
2026-08-27T06:26:00Z,4502.85,4503.58,4502.46,4503.19,0.25
2026-08-27T06:27:00Z,4503.19,4503.92,4502.80,4503.53,0.25
2026-08-27T06:28:00Z,4503.53,4504.24,4503.14,4503.86,0.25
2026-08-27T06:29:00Z,4503.86,4504.54,4503.47,4504.16,0.25
2026-08-27T06:30:00Z,4504.16,4504.79,4503.77,4504.42,0.25
2026-08-27T06:31:00Z,4504.42,4505.00,4504.03,4504.62,0.25
2026-08-27T06:32:00Z,4504.62,4505.14,4504.23,4504.75,0.25
2026-08-27T06:33:00Z,4504.75,4505.21,4504.36,4504.80,0.25
2026-08-27T06:34:00Z,4504.80,4505.22,4504.41,4504.78,0.25
2026-08-27T06:35:00Z,4504.78,4505.19,4504.39,4504.69,0.25
2026-08-27T06:36:00Z,4504.69,4505.10,4504.30,4504.54,0.25
2026-08-27T06:37:00Z,4504.54,4504.97,4504.15,4504.33,0.25
2026-08-27T06:38:00Z,4504.33,4504.77,4503.94,4504.09,0.25
2026-08-27T06:39:00Z,4504.09,4504.55,4503.70,4503.83,0.25
2026-08-27T06:40:00Z,4503.83,4504.31,4503.44,4503.57,0.25
2026-08-27T06:41:00Z,4503.57,4504.06,4503.18,4503.32,0.25
2026-08-27T06:42:00Z,4503.32,4503.82,4502.93,4503.10,0.25
2026-08-27T06:43:00Z,4503.10,4503.61,4502.71,4502.93,0.25
2026-08-27T06:44:00Z,4502.93,4503.44,4502.54,4502.82,0.25
2026-08-27T06:45:00Z,4502.82,4503.33,4502.43,4502.78,0.25
2026-08-27T06:46:00Z,4502.78,4503.29,4502.39,4502.81,0.25
2026-08-27T06:47:00Z,4502.81,4503.33,4502.42,4502.92,0.25
2026-08-27T06:48:00Z,4502.92,4503.47,4502.53,4503.10,0.25
2026-08-27T06:49:00Z,4503.10,4503.69,4502.71,4503.34,0.25
2026-08-27T06:50:00Z,4503.34,4503.97,4502.95,4503.63,0.25
2026-08-27T06:51:00Z,4503.63,4504.29,4503.24,4503.95,0.25
2026-08-27T06:52:00Z,4503.95,4504.64,4503.56,4504.29,0.25
2026-08-27T06:53:00Z,4504.29,4505.00,4503.90,4504.63,0.25
2026-08-27T06:54:00Z,4504.63,4505.35,4504.24,4504.96,0.25
2026-08-27T06:55:00Z,4504.96,4505.66,4504.57,4505.25,0.25
2026-08-27T06:56:00Z,4505.25,4505.91,4504.86,4505.49,0.25
2026-08-27T06:57:00Z,4505.49,4506.10,4505.10,4505.67,0.25
2026-08-27T06:58:00Z,4505.67,4506.23,4505.28,4505.77,0.25
2026-08-27T06:59:00Z,4505.77,4506.28,4505.38,4505.79,0.25
2026-08-27T07:00:00Z,4505.79,4506.26,4505.40,4505.73,0.25
2026-08-27T07:01:00Z,4505.73,4506.17,4505.34,4505.60,0.25
2026-08-27T07:02:00Z,4505.60,4506.03,4505.21,4505.40,0.25
2026-08-27T07:03:00Z,4505.40,4505.83,4505.01,4505.16,0.25
2026-08-27T07:04:00Z,4505.16,4505.60,4504.77,4504.90,0.25
2026-08-27T07:05:00Z,4504.90,4505.36,4504.51,4504.64,0.25
2026-08-27T07:06:00Z,4504.64,4505.12,4504.25,4504.39,0.25
2026-08-27T07:07:00Z,4504.39,4504.89,4504.00,4504.18,0.25
2026-08-27T07:08:00Z,4504.18,4504.69,4503.79,4504.02,0.25
2026-08-27T07:09:00Z,4504.02,4504.53,4503.63,4503.93,0.25
2026-08-27T07:10:00Z,4503.93,4504.44,4503.54,4503.91,0.25
2026-08-27T07:11:00Z,4503.91,4504.42,4503.52,4503.96,0.25
2026-08-27T07:12:00Z,4503.96,4504.48,4503.57,4504.09,0.25
2026-08-27T07:13:00Z,4504.09,4504.64,4503.70,4504.29,0.25
2026-08-27T07:14:00Z,4504.29,4504.88,4503.90,4504.55,0.25
2026-08-27T07:15:00Z,4504.55,4505.18,4504.16,4504.85,0.25
2026-08-27T07:16:00Z,4504.85,4505.51,4504.46,4505.18,0.25
2026-08-27T07:17:00Z,4505.18,4505.87,4504.79,4505.52,0.25
2026-08-27T07:18:00Z,4505.52,4506.23,4505.13,4505.86,0.25
2026-08-27T07:19:00Z,4505.86,4506.58,4505.47,4506.18,0.25
2026-08-27T07:20:00Z,4506.18,4506.88,4505.79,4506.46,0.25
2026-08-27T07:21:00Z,4506.46,4507.12,4506.07,4506.69,0.25
2026-08-27T07:22:00Z,4506.69,4507.30,4506.30,4506.86,0.25
2026-08-27T07:23:00Z,4506.86,4507.42,4506.47,4506.95,0.25
2026-08-27T07:24:00Z,4506.95,4507.46,4506.56,4506.96,0.25
2026-08-27T07:25:00Z,4506.96,4507.43,4506.57,4506.90,0.25
2026-08-27T07:26:00Z,4506.90,4507.34,4506.51,4506.76,0.25
2026-08-27T07:27:00Z,4506.76,4507.19,4506.37,4506.56,0.25
2026-08-27T07:28:00Z,4506.56,4506.99,4506.17,4506.32,0.25
2026-08-27T07:29:00Z,4506.32,4506.76,4505.93,4506.06,0.25
2026-08-27T07:30:00Z,4506.06,4506.52,4505.67,4505.80,0.25
2026-08-27T07:31:00Z,4505.80,4506.28,4505.41,4505.55,0.25
2026-08-27T07:32:00Z,4505.55,4506.05,4505.16,4505.34,0.25
2026-08-27T07:33:00Z,4505.34,4505.85,4504.95,4505.18,0.25
2026-08-27T07:34:00Z,4505.18,4505.69,4504.79,4505.09,0.25
2026-08-27T07:35:00Z,4505.09,4505.60,4504.70,4505.07,0.25
2026-08-27T07:36:00Z,4505.07,4505.58,4504.68,4505.12,0.25
2026-08-27T07:37:00Z,4505.12,4505.64,4504.73,4505.25,0.25
2026-08-27T07:38:00Z,4505.25,4505.80,4504.86,4505.45,0.25
2026-08-27T07:39:00Z,4505.45,4506.04,4505.06,4505.71,0.25
2026-08-27T07:40:00Z,4505.71,4506.34,4505.32,4506.01,0.25
2026-08-27T07:41:00Z,4506.01,4506.67,4505.62,4506.34,0.25
2026-08-27T07:42:00Z,4506.34,4507.03,4505.95,4506.68,0.25
2026-08-27T07:43:00Z,4506.68,4507.39,4506.29,4507.02,0.25
2026-08-27T07:44:00Z,4507.02,4507.74,4506.63,4507.35,0.25
2026-08-27T07:45:00Z,4507.35,4508.05,4506.96,4507.64,0.25
2026-08-27T07:46:00Z,4507.64,4508.30,4507.25,4507.87,0.25
2026-08-27T07:47:00Z,4507.87,4508.48,4507.48,4508.04,0.25
2026-08-27T07:48:00Z,4508.04,4508.60,4507.65,4508.13,0.25
2026-08-27T07:49:00Z,4508.13,4508.64,4507.74,4508.14,0.25
2026-08-27T07:50:00Z,4508.14,4508.61,4507.75,4508.08,0.25
2026-08-27T07:51:00Z,4508.08,4508.52,4507.69,4507.94,0.25
2026-08-27T07:52:00Z,4507.94,4508.37,4507.55,4507.74,0.25
2026-08-27T07:53:00Z,4507.74,4508.17,4507.35,4507.50,0.25
2026-08-27T07:54:00Z,4507.50,4507.94,4507.11,4507.24,0.25
2026-08-27T07:55:00Z,4507.24,4507.70,4506.85,4506.98,0.25
2026-08-27T07:56:00Z,4506.98,4507.46,4506.59,4506.73,0.25
2026-08-27T07:57:00Z,4506.73,4507.23,4506.34,4506.52,0.25
2026-08-27T07:58:00Z,4506.52,4507.03,4506.13,4506.36,0.25
2026-08-27T07:59:00Z,4506.36,4506.87,4505.97,4506.27,0.25
2026-08-27T08:00:00Z,4506.27,4506.78,4505.88,4506.25,0.25
2026-08-27T08:01:00Z,4506.25,4506.76,4505.86,4506.30,0.25
2026-08-27T08:02:00Z,4506.30,4506.82,4505.91,4506.43,0.25
2026-08-27T08:03:00Z,4506.43,4506.98,4506.04,4506.63,0.25
2026-08-27T08:04:00Z,4506.63,4507.22,4506.24,4506.89,0.25
2026-08-27T08:05:00Z,4506.89,4507.52,4506.50,4507.19,0.25
2026-08-27T08:06:00Z,4507.19,4507.85,4506.80,4507.52,0.25
2026-08-27T08:07:00Z,4507.52,4508.21,4507.13,4507.86,0.25
2026-08-27T08:08:00Z,4507.86,4508.57,4507.47,4508.20,0.25
2026-08-27T08:09:00Z,4508.20,4508.92,4507.81,4508.53,0.25
2026-08-27T08:10:00Z,4508.53,4509.23,4508.14,4508.82,0.25
2026-08-27T08:11:00Z,4508.82,4509.48,4508.43,4509.05,0.25
2026-08-27T08:12:00Z,4509.05,4509.66,4508.66,4509.22,0.25
2026-08-27T08:13:00Z,4509.22,4509.78,4508.83,4509.31,0.25
2026-08-27T08:14:00Z,4509.31,4509.82,4508.92,4509.32,0.25
2026-08-27T08:15:00Z,4509.32,4509.79,4508.93,4509.26,0.25
2026-08-27T08:16:00Z,4509.26,4509.70,4508.87,4509.12,0.25
2026-08-27T08:17:00Z,4509.12,4509.55,4508.73,4508.92,0.25
2026-08-27T08:18:00Z,4508.92,4509.35,4508.53,4508.68,0.25
2026-08-27T08:19:00Z,4508.68,4509.12,4508.29,4508.42,0.25
2026-08-27T08:20:00Z,4508.42,4508.88,4508.03,4508.16,0.25
2026-08-27T08:21:00Z,4508.16,4508.64,4507.77,4507.91,0.25
2026-08-27T08:22:00Z,4507.91,4508.41,4507.52,4507.70,0.25
2026-08-27T08:23:00Z,4507.70,4508.21,4507.31,4507.54,0.25
2026-08-27T08:24:00Z,4507.54,4508.05,4507.15,4507.45,0.25
2026-08-27T08:25:00Z,4507.45,4507.96,4507.06,4507.43,0.25
2026-08-27T08:26:00Z,4507.43,4507.94,4507.04,4507.48,0.25
2026-08-27T08:27:00Z,4507.48,4508.00,4507.09,4507.61,0.25
2026-08-27T08:28:00Z,4507.61,4508.16,4507.22,4507.81,0.25
2026-08-27T08:29:00Z,4507.81,4508.40,4507.42,4508.07,0.25
2026-08-27T08:30:00Z,4508.07,4508.70,4507.68,4508.37,0.25
2026-08-27T08:31:00Z,4508.37,4509.03,4507.98,4508.70,0.25
2026-08-27T08:32:00Z,4508.70,4509.39,4508.31,4509.04,0.25
2026-08-27T08:33:00Z,4509.04,4509.75,4508.65,4509.38,0.25
2026-08-27T08:34:00Z,4509.38,4510.10,4508.99,4509.71,0.25
2026-08-27T08:35:00Z,4509.71,4510.41,4509.32,4510.00,0.25
2026-08-27T08:36:00Z,4510.00,4510.66,4509.61,4510.23,0.25
2026-08-27T08:37:00Z,4510.23,4510.84,4509.84,4510.40,0.25
2026-08-27T08:38:00Z,4510.40,4510.96,4510.01,4510.49,0.25
2026-08-27T08:39:00Z,4510.49,4511.00,4510.10,4510.50,0.25
2026-08-27T08:40:00Z,4510.50,4510.97,4510.11,4510.44,0.25
2026-08-27T08:41:00Z,4510.44,4510.88,4510.05,4510.30,0.25
2026-08-27T08:42:00Z,4510.30,4510.73,4509.91,4510.10,0.25
2026-08-27T08:43:00Z,4510.10,4510.53,4509.71,4509.86,0.25
2026-08-27T08:44:00Z,4509.86,4510.30,4509.47,4509.60,0.25
2026-08-27T08:45:00Z,4509.60,4510.06,4509.21,4509.34,0.25
2026-08-27T08:46:00Z,4509.34,4509.82,4508.95,4509.09,0.25
2026-08-27T08:47:00Z,4509.09,4509.59,4508.70,4508.88,0.25
2026-08-27T08:48:00Z,4508.88,4509.39,4508.49,4508.72,0.25
2026-08-27T08:49:00Z,4508.72,4509.23,4508.33,4508.63,0.25
2026-08-27T08:50:00Z,4508.63,4509.14,4508.24,4508.61,0.25
2026-08-27T08:51:00Z,4508.61,4509.12,4508.22,4508.66,0.25
2026-08-27T08:52:00Z,4508.66,4509.18,4508.27,4508.79,0.25
2026-08-27T08:53:00Z,4508.79,4509.34,4508.40,4508.99,0.25
2026-08-27T08:54:00Z,4508.99,4509.58,4508.60,4509.25,0.25
2026-08-27T08:55:00Z,4509.25,4509.88,4508.86,4509.55,0.25
2026-08-27T08:56:00Z,4509.55,4510.21,4509.16,4509.88,0.25
2026-08-27T08:57:00Z,4509.88,4510.57,4509.49,4510.22,0.25
2026-08-27T08:58:00Z,4510.22,4510.93,4509.83,4510.56,0.25
2026-08-27T08:59:00Z,4510.56,4511.28,4510.17,4510.89,0.25
2026-08-27T09:00:00Z,4510.89,4511.59,4510.50,4511.18,0.25
2026-08-27T09:01:00Z,4511.18,4511.84,4510.79,4511.41,0.25
2026-08-27T09:02:00Z,4511.41,4512.02,4511.02,4511.58,0.25
2026-08-27T09:03:00Z,4511.58,4512.14,4511.19,4511.67,0.25
2026-08-27T09:04:00Z,4511.67,4512.18,4511.28,4511.68,0.25
2026-08-27T09:05:00Z,4511.68,4512.15,4511.29,4511.62,0.25
2026-08-27T09:06:00Z,4511.62,4512.06,4511.23,4511.48,0.25
2026-08-27T09:07:00Z,4511.48,4511.91,4511.09,4511.28,0.25
2026-08-27T09:08:00Z,4511.28,4511.71,4510.89,4511.04,0.25
2026-08-27T09:09:00Z,4511.04,4511.48,4510.65,4510.78,0.25
2026-08-27T09:10:00Z,4510.78,4511.24,4510.39,4510.52,0.25
2026-08-27T09:11:00Z,4510.52,4511.00,4510.13,4510.27,0.25
2026-08-27T09:12:00Z,4510.27,4510.77,4509.88,4510.06,0.25
2026-08-27T09:13:00Z,4510.06,4510.57,4509.67,4509.90,0.25
2026-08-27T09:14:00Z,4509.90,4510.41,4509.51,4509.81,0.25
2026-08-27T09:15:00Z,4509.81,4510.32,4509.42,4509.79,0.25
2026-08-27T09:16:00Z,4509.79,4510.30,4509.40,4509.84,0.25
2026-08-27T09:17:00Z,4509.84,4510.36,4509.45,4509.97,0.25
2026-08-27T09:18:00Z,4509.97,4510.52,4509.58,4510.17,0.25
2026-08-27T09:19:00Z,4510.17,4510.76,4509.78,4510.43,0.25
2026-08-27T09:20:00Z,4510.43,4511.06,4510.04,4510.73,0.25
2026-08-27T09:21:00Z,4510.73,4511.39,4510.34,4511.06,0.25
2026-08-27T09:22:00Z,4511.06,4511.75,4510.67,4511.40,0.25
2026-08-27T09:23:00Z,4511.40,4512.11,4511.01,4511.74,0.25
2026-08-27T09:24:00Z,4511.74,4512.46,4511.35,4512.07,0.25
2026-08-27T09:25:00Z,4512.07,4512.77,4511.68,4512.36,0.25
2026-08-27T09:26:00Z,4512.36,4513.02,4511.97,4512.59,0.25
2026-08-27T09:27:00Z,4512.59,4513.20,4512.20,4512.76,0.25
2026-08-27T09:28:00Z,4512.76,4513.32,4512.37,4512.85,0.25
2026-08-27T09:29:00Z,4512.85,4513.36,4512.46,4512.86,0.25
2026-08-27T09:30:00Z,4512.86,4513.33,4512.47,4512.80,0.25
2026-08-27T09:31:00Z,4512.80,4513.24,4512.41,4512.66,0.25
2026-08-27T09:32:00Z,4512.66,4513.09,4512.27,4512.46,0.25
2026-08-27T09:33:00Z,4512.46,4512.89,4512.07,4512.22,0.25
2026-08-27T09:34:00Z,4512.22,4512.66,4511.83,4511.96,0.25
2026-08-27T09:35:00Z,4511.96,4512.42,4511.57,4511.70,0.25
2026-08-27T09:36:00Z,4511.70,4512.18,4511.31,4511.45,0.25
2026-08-27T09:37:00Z,4511.45,4511.95,4511.06,4511.24,0.25
2026-08-27T09:38:00Z,4511.24,4511.75,4510.85,4511.08,0.25
2026-08-27T09:39:00Z,4511.08,4511.59,4510.69,4510.99,0.25
2026-08-27T09:40:00Z,4510.99,4511.50,4510.60,4510.97,0.25
2026-08-27T09:41:00Z,4510.97,4511.48,4510.58,4511.02,0.25
2026-08-27T09:42:00Z,4511.02,4511.54,4510.63,4511.15,0.25
2026-08-27T09:43:00Z,4511.15,4511.70,4510.76,4511.35,0.25
2026-08-27T09:44:00Z,4511.35,4511.94,4510.96,4511.61,0.25
2026-08-27T09:45:00Z,4511.61,4512.24,4511.22,4511.91,0.25
2026-08-27T09:46:00Z,4511.91,4512.57,4511.52,4512.24,0.25
2026-08-27T09:47:00Z,4512.24,4512.93,4511.85,4512.58,0.25
2026-08-27T09:48:00Z,4512.58,4513.29,4512.19,4512.92,0.25
2026-08-27T09:49:00Z,4512.92,4513.64,4512.53,4513.25,0.25
2026-08-27T09:50:00Z,4513.25,4513.95,4512.86,4513.54,0.25
2026-08-27T09:51:00Z,4513.54,4514.20,4513.15,4513.77,0.25
2026-08-27T09:52:00Z,4513.77,4514.38,4513.38,4513.94,0.25
2026-08-27T09:53:00Z,4513.94,4514.50,4513.55,4514.03,0.25
2026-08-27T09:54:00Z,4514.03,4514.54,4513.64,4514.04,0.25
2026-08-27T09:55:00Z,4514.04,4514.51,4513.65,4513.98,0.25
2026-08-27T09:56:00Z,4513.98,4514.42,4513.59,4513.84,0.25
2026-08-27T09:57:00Z,4513.84,4514.27,4513.45,4513.64,0.25
2026-08-27T09:58:00Z,4513.64,4514.07,4513.25,4513.40,0.25
2026-08-27T09:59:00Z,4513.40,4513.84,4513.01,4513.14,0.25
2026-08-27T10:00:00Z,4513.14,4513.60,4512.75,4512.88,0.25
2026-08-27T10:01:00Z,4512.88,4513.36,4512.49,4512.63,0.25
2026-08-27T10:02:00Z,4512.63,4513.13,4512.24,4512.42,0.25
2026-08-27T10:03:00Z,4512.42,4512.93,4512.03,4512.26,0.25
2026-08-27T10:04:00Z,4512.26,4512.77,4511.87,4512.17,0.25
2026-08-27T10:05:00Z,4512.17,4512.68,4511.78,4512.15,0.25
2026-08-27T10:06:00Z,4512.15,4512.66,4511.76,4512.20,0.25
2026-08-27T10:07:00Z,4512.20,4512.72,4511.81,4512.33,0.25
2026-08-27T10:08:00Z,4512.33,4512.88,4511.94,4512.53,0.25
2026-08-27T10:09:00Z,4512.53,4513.12,4512.14,4512.79,0.25
2026-08-27T10:10:00Z,4512.79,4513.42,4512.40,4513.09,0.25
2026-08-27T10:11:00Z,4513.09,4513.75,4512.70,4513.42,0.25
2026-08-27T10:12:00Z,4513.42,4514.11,4513.03,4513.76,0.25
2026-08-27T10:13:00Z,4513.76,4514.47,4513.37,4514.10,0.25
2026-08-27T10:14:00Z,4514.10,4514.82,4513.71,4514.43,0.25
2026-08-27T10:15:00Z,4514.43,4515.13,4514.04,4514.72,0.25
2026-08-27T10:16:00Z,4514.72,4515.38,4514.33,4514.95,0.25
2026-08-27T10:17:00Z,4514.95,4515.56,4514.56,4515.12,0.25
2026-08-27T10:18:00Z,4515.12,4515.68,4514.73,4515.21,0.25
2026-08-27T10:19:00Z,4515.21,4515.72,4514.82,4515.22,0.25
2026-08-27T10:20:00Z,4515.22,4515.69,4514.83,4515.16,0.25
2026-08-27T10:21:00Z,4515.16,4515.60,4514.77,4515.02,0.25
2026-08-27T10:22:00Z,4515.02,4515.45,4514.63,4514.82,0.25
2026-08-27T10:23:00Z,4514.82,4515.25,4514.43,4514.58,0.25
2026-08-27T10:24:00Z,4514.58,4515.02,4514.19,4514.32,0.25
2026-08-27T10:25:00Z,4514.32,4514.78,4513.93,4514.06,0.25
2026-08-27T10:26:00Z,4514.06,4514.54,4513.67,4513.81,0.25
2026-08-27T10:27:00Z,4513.81,4514.31,4513.42,4513.60,0.25
2026-08-27T10:28:00Z,4513.60,4514.11,4513.21,4513.44,0.25
2026-08-27T10:29:00Z,4513.44,4513.95,4513.05,4513.35,0.25
2026-08-27T10:30:00Z,4513.35,4513.86,4512.96,4513.33,0.25
2026-08-27T10:31:00Z,4513.33,4513.84,4512.94,4513.38,0.25
2026-08-27T10:32:00Z,4513.38,4513.90,4512.99,4513.51,0.25
2026-08-27T10:33:00Z,4513.51,4514.06,4513.12,4513.71,0.25
2026-08-27T10:34:00Z,4513.71,4514.30,4513.32,4513.97,0.25
2026-08-27T10:35:00Z,4513.97,4514.60,4513.58,4514.27,0.25
2026-08-27T10:36:00Z,4514.27,4514.93,4513.88,4514.60,0.25
2026-08-27T10:37:00Z,4514.60,4515.29,4514.21,4514.94,0.25
2026-08-27T10:38:00Z,4514.94,4515.65,4514.55,4515.28,0.25
2026-08-27T10:39:00Z,4515.28,4516.00,4514.89,4515.61,0.25
2026-08-27T10:40:00Z,4515.61,4516.31,4515.22,4515.90,0.25
2026-08-27T10:41:00Z,4515.90,4516.56,4515.51,4516.13,0.25
2026-08-27T10:42:00Z,4516.13,4516.74,4515.74,4516.30,0.25
2026-08-27T10:43:00Z,4516.30,4516.86,4515.91,4516.39,0.25
2026-08-27T10:44:00Z,4516.39,4516.90,4516.00,4516.40,0.25
2026-08-27T10:45:00Z,4516.40,4516.87,4516.01,4516.34,0.25
2026-08-27T10:46:00Z,4516.34,4516.78,4515.95,4516.20,0.25
2026-08-27T10:47:00Z,4516.20,4516.63,4515.81,4516.00,0.25
2026-08-27T10:48:00Z,4516.00,4516.43,4515.61,4515.76,0.25
2026-08-27T10:49:00Z,4515.76,4516.20,4515.37,4515.50,0.25
2026-08-27T10:50:00Z,4515.50,4515.96,4515.11,4515.24,0.25
2026-08-27T10:51:00Z,4515.24,4515.72,4514.85,4514.99,0.25
2026-08-27T10:52:00Z,4514.99,4515.49,4514.60,4514.78,0.25
2026-08-27T10:53:00Z,4514.78,4515.29,4514.39,4514.62,0.25
2026-08-27T10:54:00Z,4514.62,4515.13,4514.23,4514.53,0.25
2026-08-27T10:55:00Z,4514.53,4515.04,4514.14,4514.51,0.25
2026-08-27T10:56:00Z,4514.51,4515.02,4514.12,4514.56,0.25
2026-08-27T10:57:00Z,4514.56,4515.08,4514.17,4514.69,0.25
2026-08-27T10:58:00Z,4514.69,4515.24,4514.30,4514.89,0.25
2026-08-27T10:59:00Z,4514.89,4515.48,4514.50,4515.15,0.25
2026-08-27T11:00:00Z,4515.15,4515.78,4514.76,4515.45,0.25
2026-08-27T11:01:00Z,4515.45,4516.11,4515.06,4515.78,0.25
2026-08-27T11:02:00Z,4515.78,4516.47,4515.39,4516.12,0.25
2026-08-27T11:03:00Z,4516.12,4516.83,4515.73,4516.46,0.25
2026-08-27T11:04:00Z,4516.46,4517.18,4516.07,4516.79,0.25
2026-08-27T11:05:00Z,4516.79,4517.49,4516.40,4517.08,0.25
2026-08-27T11:06:00Z,4517.08,4517.74,4516.69,4517.31,0.25
2026-08-27T11:07:00Z,4517.31,4517.92,4516.92,4517.48,0.25
2026-08-27T11:08:00Z,4517.48,4518.04,4517.09,4517.57,0.25
2026-08-27T11:09:00Z,4517.57,4518.08,4517.18,4517.58,0.25
2026-08-27T11:10:00Z,4517.58,4518.05,4517.19,4517.52,0.25
2026-08-27T11:11:00Z,4517.52,4517.96,4517.13,4517.38,0.25
2026-08-27T11:12:00Z,4517.38,4517.81,4516.99,4517.18,0.25
2026-08-27T11:13:00Z,4517.18,4517.61,4516.79,4516.94,0.25
2026-08-27T11:14:00Z,4516.94,4517.38,4516.55,4516.68,0.25
2026-08-27T11:15:00Z,4516.68,4517.14,4516.29,4516.42,0.25
2026-08-27T11:16:00Z,4516.42,4516.90,4516.03,4516.17,0.25
2026-08-27T11:17:00Z,4516.17,4516.67,4515.78,4515.96,0.25
2026-08-27T11:18:00Z,4515.96,4516.47,4515.57,4515.80,0.25
2026-08-27T11:19:00Z,4515.80,4516.31,4515.41,4515.71,0.25
2026-08-27T11:20:00Z,4515.71,4516.22,4515.32,4515.69,0.25
2026-08-27T11:21:00Z,4515.69,4516.20,4515.30,4515.74,0.25
2026-08-27T11:22:00Z,4515.74,4516.26,4515.35,4515.87,0.25
2026-08-27T11:23:00Z,4515.87,4516.42,4515.48,4516.07,0.25
2026-08-27T11:24:00Z,4516.07,4516.66,4515.68,4516.33,0.25
2026-08-27T11:25:00Z,4516.33,4516.96,4515.94,4516.63,0.25
2026-08-27T11:26:00Z,4516.63,4517.29,4516.24,4516.96,0.25
2026-08-27T11:27:00Z,4516.96,4517.65,4516.57,4517.30,0.25
2026-08-27T11:28:00Z,4517.30,4518.01,4516.91,4517.64,0.25
2026-08-27T11:29:00Z,4517.64,4518.36,4517.25,4517.97,0.25
2026-08-27T11:30:00Z,4517.97,4518.67,4517.58,4518.26,0.25
2026-08-27T11:31:00Z,4518.26,4518.92,4517.87,4518.49,0.25
2026-08-27T11:32:00Z,4518.49,4519.10,4518.10,4518.66,0.25
2026-08-27T11:33:00Z,4518.66,4519.22,4518.27,4518.75,0.25
2026-08-27T11:34:00Z,4518.75,4519.26,4518.36,4518.76,0.25
2026-08-27T11:35:00Z,4518.76,4519.23,4518.37,4518.70,0.25
2026-08-27T11:36:00Z,4518.70,4519.14,4518.31,4518.56,0.25
2026-08-27T11:37:00Z,4518.56,4518.99,4518.17,4518.36,0.25
2026-08-27T11:38:00Z,4518.36,4518.79,4517.97,4518.12,0.25
2026-08-27T11:39:00Z,4518.12,4518.56,4517.73,4517.86,0.25
2026-08-27T11:40:00Z,4517.86,4518.32,4517.47,4517.60,0.25
2026-08-27T11:41:00Z,4517.60,4518.08,4517.21,4517.35,0.25
2026-08-27T11:42:00Z,4517.35,4517.85,4516.96,4517.14,0.25
2026-08-27T11:43:00Z,4517.14,4517.65,4516.75,4516.98,0.25
2026-08-27T11:44:00Z,4516.98,4517.49,4516.59,4516.89,0.25
2026-08-27T11:45:00Z,4516.89,4517.40,4516.50,4516.87,0.25
2026-08-27T11:46:00Z,4516.87,4517.38,4516.48,4516.92,0.25
2026-08-27T11:47:00Z,4516.92,4517.44,4516.53,4517.05,0.25
2026-08-27T11:48:00Z,4517.05,4517.60,4516.66,4517.25,0.25
2026-08-27T11:49:00Z,4517.25,4517.84,4516.86,4517.51,0.25
2026-08-27T11:50:00Z,4517.51,4518.14,4517.12,4517.81,0.25
2026-08-27T11:51:00Z,4517.81,4518.47,4517.42,4518.14,0.25
2026-08-27T11:52:00Z,4518.14,4518.83,4517.75,4518.48,0.25
2026-08-27T11:53:00Z,4518.48,4519.19,4518.09,4518.82,0.25
2026-08-27T11:54:00Z,4518.82,4519.54,4518.43,4519.15,0.25
2026-08-27T11:55:00Z,4519.15,4519.85,4518.76,4519.44,0.25
2026-08-27T11:56:00Z,4519.44,4520.10,4519.05,4519.67,0.25
2026-08-27T11:57:00Z,4519.67,4520.28,4519.28,4519.84,0.25
2026-08-27T11:58:00Z,4519.84,4520.40,4519.45,4519.93,0.25
2026-08-27T11:59:00Z,4519.93,4520.44,4519.54,4519.94,0.25
2026-08-27T12:00:00Z,4519.94,4520.41,4519.55,4519.88,0.25
2026-08-27T12:01:00Z,4519.88,4520.32,4519.49,4519.74,0.25
2026-08-27T12:02:00Z,4519.74,4520.17,4519.35,4519.54,0.25
2026-08-27T12:03:00Z,4519.54,4519.97,4519.15,4519.30,0.25
2026-08-27T12:04:00Z,4519.30,4519.74,4518.91,4519.04,0.25
2026-08-27T12:05:00Z,4519.04,4519.50,4518.65,4518.78,0.25
2026-08-27T12:06:00Z,4518.78,4519.26,4518.39,4518.53,0.25
2026-08-27T12:07:00Z,4518.53,4519.03,4518.14,4518.32,0.25
2026-08-27T12:08:00Z,4518.32,4518.83,4517.93,4518.16,0.25
2026-08-27T12:09:00Z,4518.16,4518.67,4517.77,4518.07,0.25
2026-08-27T12:10:00Z,4518.07,4518.58,4517.68,4518.05,0.25
2026-08-27T12:11:00Z,4518.05,4518.56,4517.66,4518.10,0.25
2026-08-27T12:12:00Z,4518.10,4518.62,4517.71,4518.23,0.25
2026-08-27T12:13:00Z,4518.23,4518.78,4517.84,4518.43,0.25
2026-08-27T12:14:00Z,4518.43,4519.02,4518.04,4518.69,0.25
2026-08-27T12:15:00Z,4518.69,4519.32,4518.30,4518.99,0.25
2026-08-27T12:16:00Z,4518.99,4519.65,4518.60,4519.32,0.25
2026-08-27T12:17:00Z,4519.32,4520.01,4518.93,4519.66,0.25
2026-08-27T12:18:00Z,4519.66,4520.37,4519.27,4520.00,0.25
2026-08-27T12:19:00Z,4520.00,4520.72,4519.61,4520.33,0.25
2026-08-27T12:20:00Z,4520.33,4521.03,4519.94,4520.62,0.25
2026-08-27T12:21:00Z,4520.62,4521.28,4520.23,4520.85,0.25
2026-08-27T12:22:00Z,4520.85,4521.46,4520.46,4521.02,0.25
2026-08-27T12:23:00Z,4521.02,4521.58,4520.63,4521.11,0.25
2026-08-27T12:24:00Z,4521.11,4521.62,4520.72,4521.12,0.25
2026-08-27T12:25:00Z,4521.12,4521.59,4520.73,4521.06,0.25
2026-08-27T12:26:00Z,4521.06,4521.50,4520.67,4520.92,0.25
2026-08-27T12:27:00Z,4520.92,4521.35,4520.53,4520.72,0.25
2026-08-27T12:28:00Z,4520.72,4521.15,4520.33,4520.48,0.25
2026-08-27T12:29:00Z,4520.48,4520.92,4520.09,4520.22,0.25
2026-08-27T12:30:00Z,4520.22,4520.68,4519.83,4519.96,0.25
2026-08-27T12:31:00Z,4519.96,4520.44,4519.57,4519.71,0.25
2026-08-27T12:32:00Z,4519.71,4520.21,4519.32,4519.50,0.25
2026-08-27T12:33:00Z,4519.50,4520.01,4519.11,4519.34,0.25
2026-08-27T12:34:00Z,4519.34,4519.85,4518.95,4519.25,0.25
2026-08-27T12:35:00Z,4519.25,4519.76,4518.86,4519.23,0.25
2026-08-27T12:36:00Z,4519.23,4519.74,4518.84,4519.28,0.25
2026-08-27T12:37:00Z,4519.28,4519.80,4518.89,4519.41,0.25
2026-08-27T12:38:00Z,4519.41,4519.96,4519.02,4519.61,0.25
2026-08-27T12:39:00Z,4519.61,4520.20,4519.22,4519.87,0.25
2026-08-27T12:40:00Z,4519.87,4520.50,4519.48,4520.17,0.25
2026-08-27T12:41:00Z,4520.17,4520.83,4519.78,4520.50,0.25
2026-08-27T12:42:00Z,4520.50,4521.19,4520.11,4520.84,0.25
2026-08-27T12:43:00Z,4520.84,4521.55,4520.45,4521.18,0.25
2026-08-27T12:44:00Z,4521.18,4521.90,4520.79,4521.51,0.25
2026-08-27T12:45:00Z,4521.51,4522.21,4521.12,4521.80,0.25
2026-08-27T12:46:00Z,4521.80,4522.46,4521.41,4522.03,0.25
2026-08-27T12:47:00Z,4522.03,4522.64,4521.64,4522.20,0.25
2026-08-27T12:48:00Z,4522.20,4522.76,4521.81,4522.29,0.25
2026-08-27T12:49:00Z,4522.29,4522.80,4521.90,4522.30,0.25
2026-08-27T12:50:00Z,4522.30,4522.77,4521.91,4522.24,0.25
2026-08-27T12:51:00Z,4522.24,4522.68,4521.85,4522.10,0.25
2026-08-27T12:52:00Z,4522.10,4522.53,4521.71,4521.90,0.25
2026-08-27T12:53:00Z,4521.90,4522.33,4521.51,4521.66,0.25
2026-08-27T12:54:00Z,4521.66,4522.10,4521.27,4521.40,0.25
2026-08-27T12:55:00Z,4521.40,4521.86,4521.01,4521.14,0.25
2026-08-27T12:56:00Z,4521.14,4521.62,4520.75,4520.89,0.25
2026-08-27T12:57:00Z,4520.89,4521.39,4520.50,4520.68,0.25
2026-08-27T12:58:00Z,4520.68,4521.19,4520.29,4520.52,0.25
2026-08-27T12:59:00Z,4520.52,4521.03,4520.13,4520.43,0.25
2026-08-27T13:00:00Z,4520.43,4520.94,4520.04,4520.41,0.25
2026-08-27T13:01:00Z,4520.41,4520.92,4520.02,4520.46,0.25
2026-08-27T13:02:00Z,4520.46,4520.98,4520.07,4520.59,0.25
2026-08-27T13:03:00Z,4520.59,4521.14,4520.20,4520.79,0.25
2026-08-27T13:04:00Z,4520.79,4521.38,4520.40,4521.05,0.25
2026-08-27T13:05:00Z,4521.05,4521.68,4520.66,4521.35,0.25
2026-08-27T13:06:00Z,4521.35,4522.01,4520.96,4521.68,0.25
2026-08-27T13:07:00Z,4521.68,4522.37,4521.29,4522.02,0.25
2026-08-27T13:08:00Z,4522.02,4522.73,4521.63,4522.36,0.25
2026-08-27T13:09:00Z,4522.36,4523.08,4521.97,4522.69,0.25
2026-08-27T13:10:00Z,4522.69,4523.39,4522.30,4522.98,0.25
2026-08-27T13:11:00Z,4522.98,4523.64,4522.59,4523.21,0.25
2026-08-27T13:12:00Z,4523.21,4523.82,4522.82,4523.38,0.25
2026-08-27T13:13:00Z,4523.38,4523.94,4522.99,4523.47,0.25
2026-08-27T13:14:00Z,4523.47,4523.98,4523.08,4523.48,0.25
2026-08-27T13:15:00Z,4523.48,4523.95,4523.09,4523.42,0.25
2026-08-27T13:16:00Z,4523.42,4523.86,4523.03,4523.28,0.25
2026-08-27T13:17:00Z,4523.28,4523.71,4522.89,4523.08,0.25
2026-08-27T13:18:00Z,4523.08,4523.51,4522.69,4522.84,0.25
2026-08-27T13:19:00Z,4522.84,4523.28,4522.45,4522.58,0.25
2026-08-27T13:20:00Z,4522.58,4523.04,4522.19,4522.32,0.25
2026-08-27T13:21:00Z,4522.32,4522.80,4521.93,4522.07,0.25
2026-08-27T13:22:00Z,4522.07,4522.57,4521.68,4521.86,0.25
2026-08-27T13:23:00Z,4521.86,4522.37,4521.47,4521.70,0.25
2026-08-27T13:24:00Z,4521.70,4522.21,4521.31,4521.61,0.25
2026-08-27T13:25:00Z,4521.61,4522.12,4521.22,4521.59,0.25
2026-08-27T13:26:00Z,4521.59,4522.10,4521.20,4521.64,0.25
2026-08-27T13:27:00Z,4521.64,4522.16,4521.25,4521.77,0.25
2026-08-27T13:28:00Z,4521.77,4522.32,4521.38,4521.97,0.25
2026-08-27T13:29:00Z,4521.97,4522.56,4521.58,4522.23,0.25
2026-08-27T13:30:00Z,4522.23,4522.86,4521.84,4522.53,0.25
2026-08-27T13:31:00Z,4522.53,4523.19,4522.14,4522.86,0.25
2026-08-27T13:32:00Z,4522.86,4523.55,4522.47,4523.20,0.25
2026-08-27T13:33:00Z,4523.20,4523.91,4522.81,4523.54,0.25
2026-08-27T13:34:00Z,4523.54,4524.26,4523.15,4523.87,0.25
2026-08-27T13:35:00Z,4523.87,4524.57,4523.48,4524.16,0.25
2026-08-27T13:36:00Z,4524.16,4524.82,4523.77,4524.39,0.25
2026-08-27T13:37:00Z,4524.39,4525.00,4524.00,4524.56,0.25
2026-08-27T13:38:00Z,4524.56,4525.12,4524.17,4524.65,0.25
2026-08-27T13:39:00Z,4524.65,4525.16,4524.26,4524.66,0.25
2026-08-27T13:40:00Z,4524.66,4525.13,4524.27,4524.60,0.25
2026-08-27T13:41:00Z,4524.60,4525.04,4524.21,4524.46,0.25
2026-08-27T13:42:00Z,4524.46,4524.89,4524.07,4524.26,0.25
2026-08-27T13:43:00Z,4524.26,4524.69,4523.87,4524.02,0.25
2026-08-27T13:44:00Z,4524.02,4524.46,4523.63,4523.76,0.25
2026-08-27T13:45:00Z,4523.76,4524.22,4523.37,4523.50,0.25
2026-08-27T13:46:00Z,4523.50,4523.98,4523.11,4523.25,0.25
2026-08-27T13:47:00Z,4523.25,4523.75,4522.86,4523.04,0.25
2026-08-27T13:48:00Z,4523.04,4523.55,4522.65,4522.88,0.25
2026-08-27T13:49:00Z,4522.88,4523.39,4522.49,4522.79,0.25
2026-08-27T13:50:00Z,4522.79,4523.30,4522.40,4522.77,0.25
2026-08-27T13:51:00Z,4522.77,4523.28,4522.38,4522.82,0.25
2026-08-27T13:52:00Z,4522.82,4523.34,4522.43,4522.95,0.25
2026-08-27T13:53:00Z,4522.95,4523.50,4522.56,4523.15,0.25
2026-08-27T13:54:00Z,4523.15,4523.74,4522.76,4523.41,0.25
2026-08-27T13:55:00Z,4523.41,4524.04,4523.02,4523.71,0.25
2026-08-27T13:56:00Z,4523.71,4524.37,4523.32,4524.04,0.25
2026-08-27T13:57:00Z,4524.04,4524.73,4523.65,4524.38,0.25
2026-08-27T13:58:00Z,4524.38,4525.09,4523.99,4524.72,0.25
2026-08-27T13:59:00Z,4524.72,4525.44,4524.33,4525.05,0.25
2026-08-27T14:00:00Z,4525.05,4525.75,4524.66,4525.34,0.25
2026-08-27T14:01:00Z,4525.34,4526.00,4524.95,4525.57,0.25
2026-08-27T14:02:00Z,4525.57,4526.18,4525.18,4525.74,0.25
2026-08-27T14:03:00Z,4525.74,4526.30,4525.35,4525.83,0.25
2026-08-27T14:04:00Z,4525.83,4526.34,4525.44,4525.84,0.25
2026-08-27T14:05:00Z,4525.84,4526.31,4525.45,4525.78,0.25
2026-08-27T14:06:00Z,4525.78,4526.22,4525.39,4525.64,0.25
2026-08-27T14:07:00Z,4525.64,4526.07,4525.25,4525.44,0.25
2026-08-27T14:08:00Z,4525.44,4525.87,4525.05,4525.20,0.25
2026-08-27T14:09:00Z,4525.20,4525.64,4524.81,4524.94,0.25
2026-08-27T14:10:00Z,4524.94,4525.40,4524.55,4524.68,0.25
2026-08-27T14:11:00Z,4524.68,4525.16,4524.29,4524.43,0.25
2026-08-27T14:12:00Z,4524.43,4524.93,4524.04,4524.22,0.25
2026-08-27T14:13:00Z,4524.22,4524.73,4523.83,4524.06,0.25
2026-08-27T14:14:00Z,4524.06,4524.57,4523.67,4523.97,0.25
2026-08-27T14:15:00Z,4523.97,4524.48,4523.58,4523.95,0.25
2026-08-27T14:16:00Z,4523.95,4524.46,4523.56,4524.00,0.25
2026-08-27T14:17:00Z,4524.00,4524.52,4523.61,4524.13,0.25
2026-08-27T14:18:00Z,4524.13,4524.68,4523.74,4524.33,0.25
2026-08-27T14:19:00Z,4524.33,4524.92,4523.94,4524.59,0.25
2026-08-27T14:20:00Z,4524.59,4525.22,4524.20,4524.89,0.25
2026-08-27T14:21:00Z,4524.89,4525.55,4524.50,4525.22,0.25
2026-08-27T14:22:00Z,4525.22,4525.91,4524.83,4525.56,0.25
2026-08-27T14:23:00Z,4525.56,4526.27,4525.17,4525.90,0.25
2026-08-27T14:24:00Z,4525.90,4526.62,4525.51,4526.23,0.25
2026-08-27T14:25:00Z,4526.23,4526.93,4525.84,4526.52,0.25
2026-08-27T14:26:00Z,4526.52,4527.18,4526.13,4526.75,0.25
2026-08-27T14:27:00Z,4526.75,4527.36,4526.36,4526.92,0.25
2026-08-27T14:28:00Z,4526.92,4527.48,4526.53,4527.01,0.25
2026-08-27T14:29:00Z,4527.01,4527.52,4526.62,4527.02,0.25
2026-08-27T14:30:00Z,4527.02,4527.49,4526.63,4526.96,0.25
2026-08-27T14:31:00Z,4526.96,4527.40,4526.57,4526.82,0.25
2026-08-27T14:32:00Z,4526.82,4527.25,4526.43,4526.62,0.25
2026-08-27T14:33:00Z,4526.62,4527.05,4526.23,4526.38,0.25
2026-08-27T14:34:00Z,4526.38,4526.82,4525.99,4526.12,0.25
2026-08-27T14:35:00Z,4526.12,4526.58,4525.73,4525.86,0.25
2026-08-27T14:36:00Z,4525.86,4526.34,4525.47,4525.61,0.25
2026-08-27T14:37:00Z,4525.61,4526.11,4525.22,4525.40,0.25
2026-08-27T14:38:00Z,4525.40,4525.91,4525.01,4525.24,0.25
2026-08-27T14:39:00Z,4525.24,4525.75,4524.85,4525.15,0.25
2026-08-27T14:40:00Z,4525.15,4525.66,4524.76,4525.13,0.25
2026-08-27T14:41:00Z,4525.13,4525.64,4524.74,4525.18,0.25
2026-08-27T14:42:00Z,4525.18,4525.70,4524.79,4525.31,0.25
2026-08-27T14:43:00Z,4525.31,4525.86,4524.92,4525.51,0.25
2026-08-27T14:44:00Z,4525.51,4526.10,4525.12,4525.77,0.25
2026-08-27T14:45:00Z,4525.77,4526.40,4525.38,4526.07,0.25
2026-08-27T14:46:00Z,4526.07,4526.73,4525.68,4526.40,0.25
2026-08-27T14:47:00Z,4526.40,4527.09,4526.01,4526.74,0.25
2026-08-27T14:48:00Z,4526.74,4527.45,4526.35,4527.08,0.25
2026-08-27T14:49:00Z,4527.08,4527.80,4526.69,4527.41,0.25
2026-08-27T14:50:00Z,4527.41,4528.11,4527.02,4527.70,0.25
2026-08-27T14:51:00Z,4527.70,4528.36,4527.31,4527.93,0.25
2026-08-27T14:52:00Z,4527.93,4528.54,4527.54,4528.10,0.25
2026-08-27T14:53:00Z,4528.10,4528.66,4527.71,4528.19,0.25
2026-08-27T14:54:00Z,4528.19,4528.70,4527.80,4528.20,0.25
2026-08-27T14:55:00Z,4528.20,4528.67,4527.81,4528.14,0.25
2026-08-27T14:56:00Z,4528.14,4528.58,4527.75,4528.00,0.25
2026-08-27T14:57:00Z,4528.00,4528.43,4527.61,4527.80,0.25
2026-08-27T14:58:00Z,4527.80,4528.23,4527.41,4527.56,0.25
2026-08-27T14:59:00Z,4527.56,4528.00,4527.17,4527.30,0.25
2026-08-27T15:00:00Z,4527.30,4527.76,4526.91,4527.04,0.25
2026-08-27T15:01:00Z,4527.04,4527.52,4526.65,4526.79,0.25
2026-08-27T15:02:00Z,4526.79,4527.29,4526.40,4526.58,0.25
2026-08-27T15:03:00Z,4526.58,4527.09,4526.19,4526.42,0.25
2026-08-27T15:04:00Z,4526.42,4526.93,4526.03,4526.33,0.25
2026-08-27T15:05:00Z,4526.33,4526.84,4525.94,4526.31,0.25
2026-08-27T15:06:00Z,4526.31,4526.82,4525.92,4526.36,0.25
2026-08-27T15:07:00Z,4526.36,4526.88,4525.97,4526.49,0.25
2026-08-27T15:08:00Z,4526.49,4527.04,4526.10,4526.69,0.25
2026-08-27T15:09:00Z,4526.69,4527.28,4526.30,4526.95,0.25
2026-08-27T15:10:00Z,4526.95,4527.58,4526.56,4527.25,0.25
2026-08-27T15:11:00Z,4527.25,4527.91,4526.86,4527.58,0.25
2026-08-27T15:12:00Z,4527.58,4528.27,4527.19,4527.92,0.25
2026-08-27T15:13:00Z,4527.92,4528.63,4527.53,4528.26,0.25
2026-08-27T15:14:00Z,4528.26,4528.98,4527.87,4528.59,0.25
2026-08-27T15:15:00Z,4528.59,4529.29,4528.20,4528.88,0.25
2026-08-27T15:16:00Z,4528.88,4529.54,4528.49,4529.11,0.25
2026-08-27T15:17:00Z,4529.11,4529.72,4528.72,4529.28,0.25
2026-08-27T15:18:00Z,4529.28,4529.84,4528.89,4529.37,0.25
2026-08-27T15:19:00Z,4529.37,4529.88,4528.98,4529.38,0.25
2026-08-27T15:20:00Z,4529.38,4529.85,4528.99,4529.32,0.25
2026-08-27T15:21:00Z,4529.32,4529.76,4528.93,4529.18,0.25
2026-08-27T15:22:00Z,4529.18,4529.61,4528.79,4528.98,0.25
2026-08-27T15:23:00Z,4528.98,4529.41,4528.59,4528.74,0.25
2026-08-27T15:24:00Z,4528.74,4529.18,4528.35,4528.48,0.25
2026-08-27T15:25:00Z,4528.48,4528.94,4528.09,4528.22,0.25
2026-08-27T15:26:00Z,4528.22,4528.70,4527.83,4527.97,0.25
2026-08-27T15:27:00Z,4527.97,4528.47,4527.58,4527.76,0.25
2026-08-27T15:28:00Z,4527.76,4528.27,4527.37,4527.60,0.25
2026-08-27T15:29:00Z,4527.60,4528.11,4527.21,4527.51,0.25
2026-08-27T15:30:00Z,4527.51,4528.02,4527.12,4527.49,0.25
2026-08-27T15:31:00Z,4527.49,4528.00,4527.10,4527.54,0.25
2026-08-27T15:32:00Z,4527.54,4528.06,4527.15,4527.67,0.25
2026-08-27T15:33:00Z,4527.67,4528.22,4527.28,4527.87,0.25
2026-08-27T15:34:00Z,4527.87,4528.46,4527.48,4528.13,0.25
2026-08-27T15:35:00Z,4528.13,4528.76,4527.74,4528.43,0.25
2026-08-27T15:36:00Z,4528.43,4529.09,4528.04,4528.76,0.25
2026-08-27T15:37:00Z,4528.76,4529.45,4528.37,4529.10,0.25
2026-08-27T15:38:00Z,4529.10,4529.81,4528.71,4529.44,0.25
2026-08-27T15:39:00Z,4529.44,4530.16,4529.05,4529.77,0.25
2026-08-27T15:40:00Z,4529.77,4530.47,4529.38,4530.06,0.25
2026-08-27T15:41:00Z,4530.06,4530.72,4529.67,4530.29,0.25
2026-08-27T15:42:00Z,4530.29,4530.90,4529.90,4530.46,0.25
2026-08-27T15:43:00Z,4530.46,4531.02,4530.07,4530.55,0.25
2026-08-27T15:44:00Z,4530.55,4531.06,4530.16,4530.56,0.25
2026-08-27T15:45:00Z,4530.56,4531.03,4530.17,4530.50,0.25
2026-08-27T15:46:00Z,4530.50,4530.94,4530.11,4530.36,0.25
2026-08-27T15:47:00Z,4530.36,4530.79,4529.97,4530.16,0.25
2026-08-27T15:48:00Z,4530.16,4530.59,4529.77,4529.92,0.25
2026-08-27T15:49:00Z,4529.92,4530.36,4529.53,4529.66,0.25
2026-08-27T15:50:00Z,4529.66,4530.12,4529.27,4529.40,0.25
2026-08-27T15:51:00Z,4529.40,4529.88,4529.01,4529.15,0.25
2026-08-27T15:52:00Z,4529.15,4529.65,4528.76,4528.94,0.25
2026-08-27T15:53:00Z,4528.94,4529.45,4528.55,4528.78,0.25
2026-08-27T15:54:00Z,4528.78,4529.29,4528.39,4528.69,0.25
2026-08-27T15:55:00Z,4528.69,4529.20,4528.30,4528.67,0.25
2026-08-27T15:56:00Z,4528.67,4529.18,4528.28,4528.72,0.25
2026-08-27T15:57:00Z,4528.72,4529.24,4528.33,4528.85,0.25
2026-08-27T15:58:00Z,4528.85,4529.40,4528.46,4529.05,0.25
2026-08-27T15:59:00Z,4529.05,4529.64,4528.66,4529.31,0.25